{
  "project_info": {
    "project_number": "1070683902714",
    "firebase_url": "https://city-explorer-app.firebaseio.com",
    "project_id": "city-explorer-app",
    "storage_bucket": "city-explorer-app.appspot.com"
  },
  "client": [
    {
      "client_info": {
        "mobilesdk_app_id": "1:1070683902714:android:018566caa7d018ae6baf43",
        "android_client_info": {
          "package_name": "com.example.inclass14"
        }
      },
      "oauth_client": [
        {
          "client_id": "1070683902714-hlgdkle7b99qi721dstc4ofo1ge80rvs.apps.googleusercontent.com",
          "client_type": 3
        }
      ],
      "api_key": [
        {
          "current_key": "AIzaSyD5uWglHf1wwmSAoN6PxaInaXPpkiV6UQg"
        }
      ],
      "services": {
        "appinvite_service": {
          "other_platform_oauth_client": [
            {
              "client_id": "1070683902714-hlgdkle7b99qi721dstc4ofo1ge80rvs.apps.googleusercontent.com",
              "client_type": 3
            }
          ]
        }
      }
    }
  ],
  "configuration_version": "1"
}