{
  "project_info": {
    "project_number": "669886003845",
    "firebase_url": "https://fir-demo-8a062.firebaseio.com",
    "project_id": "fir-demo-8a062",
    "storage_bucket": "fir-demo-8a062.appspot.com"
  },
  "client": [
    {
      "client_info": {
        "mobilesdk_app_id": "1:669886003845:android:99d8ffd4576ff1802d47ec",
        "android_client_info": {
          "package_name": "com.example.inclass11"
        }
      },
      "oauth_client": [
        {
          "client_id": "669886003845-unb1rep1pq00jg6nn3lh6a4mla8cfq9r.apps.googleusercontent.com",
          "client_type": 3
        }
      ],
      "api_key": [
        {
          "current_key": "AIzaSyDmXsBCKzmvoPq467NsAlif4uqD_WUSESE"
        }
      ],
      "services": {
        "appinvite_service": {
          "other_platform_oauth_client": [
            {
              "client_id": "669886003845-unb1rep1pq00jg6nn3lh6a4mla8cfq9r.apps.googleusercontent.com",
              "client_type": 3
            }
          ]
        }
      }
    }
  ],
  "configuration_version": "1"
}